User_ID,Age,Gender,Occupation,Device_Type,Daily_Phone_Hours,Social_Media_Hours,Work_Productivity_Score,Sleep_Hours,Stress_Level,App_Usage_Count,Caffeine_Intake_Cups,Weekend_Screen_Time_Hours
U19001,25,Male,Professional,Android,5.3,1.4,8,7.6,8,8,0,4.8
U19002,50,Male,Freelancer,iOS,2.6,2.5,1,8.6,4,33,4,11.2
U19003,52,Male,Business Owner,iOS,4.6,6.2,1,6.2,3,47,4,9.8
U19004,47,Other,Professional,Android,2.0,5.2,8,8.6,8,40,5,12.3
U19005,50,Male,Business Owner,iOS,10.0,0.6,8,8.3,7,25,4,6.3
U19006,25,Other,Professional,Android,1.9,5.9,3,6.5,10,14,2,3.5
U19007,48,Male,Student,iOS,1.6,5.7,9,5.5,10,10,1,3.3
U19008,60,Other,Business Owner,Android,8.4,8.0,10,6.9,5,40,0,7.5
U19009,57,Female,Professional,iOS,7.3,3.6,1,5.9,10,8,6,7.6
U19010,35,Male,Business Owner,Android,3.7,5.2,10,5.8,5,53,3,2.5
U19011,23,Female,Professional,Android,3.2,4.8,4,7.2,1,45,3,10.1
U19012,40,Female,Professional,iOS,1.5,2.7,3,4.1,4,13,4,10.7
U19013,23,Other,Student,iOS,4.1,3.6,7,7.2,6,27,4,2.7
U19014,40,Male,Student,Android,6.5,5.3,2,4.5,3,7,2,7.6
U19015,29,Female,Business Owner,iOS,4.7,7.7,3,8.6,2,24,1,3.5
U19016,42,Male,Professional,iOS,1.0,5.4,3,5.5,6,22,0,9.9
U19017,30,Male,Business Owner,Android,1.1,3.0,7,7.9,9,33,0,2.3
U19018,52,Male,Business Owner,Android,7.6,2.8,1,7.4,9,59,3,6.1
U19019,34,Male,Freelancer,Android,7.5,7.2,10,6.0,3,42,4,13.3
U19020,19,Female,Professional,Android,10.4,3.9,7,7.9,3,17,4,9.2
U19021,57,Other,Freelancer,iOS,1.8,3.7,10,6.8,10,21,3,4.8
U19022,23,Other,Freelancer,Android,10.0,4.4,5,4.4,6,37,0,3.0
U19023,22,Other,Professional,Android,9.8,6.5,5,4.2,6,60,5,11.9
U19024,28,Female,Freelancer,iOS,7.4,4.7,4,5.9,2,15,2,7.0
U19025,27,Male,Business Owner,iOS,3.8,6.3,1,6.9,9,5,3,7.0
U19026,39,Other,Freelancer,iOS,2.8,5.0,4,5.9,1,14,5,3.3
U19027,28,Other,Student,iOS,1.4,2.3,5,7.9,3,57,0,5.3
U19028,51,Male,Business Owner,iOS,11.6,6.0,4,7.2,10,48,1,7.1
U19029,52,Other,Freelancer,Android,4.4,5.3,5,6.8,1,34,3,2.2
U19030,30,Other,Student,iOS,9.2,2.2,10,7.7,4,5,3,11.8
U19031,48,Male,Business Owner,Android,5.6,3.1,4,8.3,3,54,6,4.0
U19032,58,Female,Professional,iOS,6.8,3.0,10,4.1,10,33,1,7.2
U19033,40,Male,Business Owner,Android,1.4,6.0,4,4.5,5,40,4,9.9
U19034,19,Female,Professional,iOS,6.6,5.5,8,6.8,7,23,2,12.0
U19035,39,Female,Student,Android,3.6,4.1,6,4.0,2,55,6,11.5
U19036,42,Male,Freelancer,Android,8.1,2.4,4,7.3,5,22,5,9.0
U19037,45,Female,Business Owner,Android,9.0,3.4,5,4.5,4,25,4,12.5
U19038,24,Female,Business Owner,iOS,5.5,1.4,6,5.7,4,21,6,7.8
U19039,50,Other,Freelancer,iOS,3.7,1.4,3,7.9,2,53,1,10.0
U19040,43,Female,Professional,Android,3.7,2.2,7,6.3,4,47,6,9.2
U19041,31,Other,Business Owner,Android,3.5,5.1,1,8.1,8,54,3,11.8
U19042,28,Other,Professional,Android,10.3,6.4,1,6.3,1,6,2,10.9
U19043,30,Male,Professional,iOS,8.9,2.3,5,6.5,10,53,3,8.5
U19044,57,Female,Freelancer,Android,9.1,6.3,1,6.7,9,39,3,11.9
U19045,58,Female,Business Owner,Android,3.4,5.4,1,7.2,2,12,6,2.1
U19046,48,Male,Professional,iOS,4.0,1.2,3,6.5,4,26,1,6.2
U19047,55,Male,Professional,Android,11.3,7.5,5,8.5,6,33,6,5.7
U19048,22,Female,Freelancer,iOS,1.2,0.9,4,5.4,6,23,6,4.3
U19049,32,Other,Business Owner,Android,10.6,5.4,4,9.0,1,44,2,2.4
U19050,60,Male,Freelancer,iOS,2.0,5.1,3,8.5,9,28,4,2.1
U19051,49,Female,Freelancer,Android,11.1,3.8,2,6.2,5,13,2,2.6
U19052,53,Male,Professional,Android,4.4,7.2,1,6.9,8,20,4,12.9
U19053,47,Male,Business Owner,Android,1.3,3.5,3,6.2,7,26,2,3.4
U19054,42,Male,Professional,iOS,7.9,5.0,10,4.6,1,22,0,10.9
U19055,38,Other,Professional,iOS,8.4,2.3,3,7.0,4,53,6,8.6
U19056,59,Other,Professional,Android,7.9,5.5,9,5.4,6,43,2,7.6
U19057,41,Other,Student,Android,1.1,7.5,10,5.4,1,14,6,8.7
U19058,30,Male,Professional,Android,11.2,4.8,7,7.0,5,19,2,5.9
U19059,20,Male,Student,Android,9.5,2.0,3,5.5,1,22,5,7.2
U19060,20,Female,Freelancer,iOS,7.5,4.9,10,6.5,4,9,5,7.7
U19061,46,Female,Student,iOS,8.7,6.8,1,4.5,10,56,5,8.1
U19062,30,Female,Student,Android,8.6,1.3,8,5.4,10,48,5,12.5
U19063,18,Female,Freelancer,iOS,2.0,1.2,5,5.3,2,26,1,4.2
U19064,54,Female,Student,Android,1.7,4.8,10,7.4,1,23,6,9.6
U19065,40,Other,Professional,iOS,5.4,2.9,10,8.4,3,8,4,12.9
U19066,19,Other,Freelancer,Android,9.0,6.4,8,4.7,9,44,6,11.4
U19067,60,Female,Business Owner,Android,4.7,3.7,5,4.7,10,9,1,4.4
U19068,41,Male,Professional,Android,5.1,0.7,10,8.2,6,59,6,4.0
U19069,59,Male,Freelancer,Android,4.8,4.5,1,7.1,3,33,6,5.3
U19070,39,Male,Student,Android,7.1,5.8,9,6.0,6,30,2,7.4
U19071,44,Other,Freelancer,iOS,8.7,2.3,3,7.0,8,49,6,8.8
U19072,18,Male,Freelancer,iOS,6.4,2.9,6,8.8,2,40,6,2.9
U19073,38,Other,Professional,Android,3.7,1.5,6,5.7,1,37,3,2.1
U19074,47,Female,Business Owner,iOS,7.0,2.1,4,4.7,10,16,2,6.5
U19075,23,Female,Freelancer,Android,5.0,7.5,10,5.2,9,31,4,6.6
U19076,26,Other,Student,Android,11.8,2.1,7,4.4,10,8,4,8.4
U19077,24,Female,Professional,Android,6.1,2.1,6,5.1,10,19,4,5.0
U19078,56,Other,Freelancer,iOS,11.0,4.9,9,7.9,4,25,6,11.9
U19079,51,Female,Professional,iOS,1.8,6.3,1,6.0,9,51,2,13.6
U19080,53,Male,Business Owner,Android,10.3,2.9,8,6.9,10,45,6,6.5
U19081,25,Female,Student,iOS,7.8,3.7,5,4.2,7,24,5,2.9
U19082,55,Female,Professional,Android,4.7,4.6,4,4.8,10,20,4,2.9
U19083,26,Other,Professional,iOS,8.2,4.4,2,5.4,10,51,4,8.0
U19084,48,Other,Student,Android,9.6,7.3,10,8.0,1,55,4,7.6
U19085,49,Male,Professional,Android,6.7,4.1,7,6.6,6,39,0,3.6
U19086,53,Male,Business Owner,iOS,7.9,7.3,7,6.1,9,17,5,3.5
U19087,53,Female,Student,iOS,3.1,6.6,8,5.0,9,55,6,13.5
U19088,39,Other,Professional,iOS,11.6,5.6,7,6.9,4,56,5,7.8
U19089,25,Male,Business Owner,iOS,3.0,6.7,9,4.6,2,11,6,3.4
U19090,57,Other,Professional,iOS,8.1,0.7,1,5.1,4,60,0,7.8
U19091,20,Other,Business Owner,iOS,10.1,7.6,5,6.2,10,40,2,5.8
U19092,58,Male,Professional,Android,3.3,5.8,5,7.7,2,30,4,2.8
U19093,38,Other,Professional,iOS,1.7,4.6,4,5.5,7,55,5,3.6
U19094,33,Other,Freelancer,iOS,9.7,4.4,5,5.2,7,58,2,11.9
U19095,37,Other,Professional,Android,9.8,3.6,10,6.4,8,58,5,4.4
U19096,52,Other,Freelancer,iOS,6.7,2.4,2,6.8,6,9,5,4.9
U19097,45,Other,Student,Android,11.6,2.2,10,4.4,4,10,6,7.4
U19098,36,Other,Professional,Android,4.8,7.3,6,8.2,6,38,1,2.7
U19099,20,Other,Student,Android,3.6,5.0,6,7.4,8,7,3,13.9
U19100,24,Other,Student,Android,9.3,3.9,8,8.0,3,51,6,13.2
U19101,21,Female,Freelancer,Android,6.5,1.8,2,4.3,4,50,1,4.6
U19102,37,Female,Freelancer,Android,5.2,5.0,2,8.5,3,23,4,10.7
U19103,60,Female,Student,Android,9.3,1.5,9,8.8,5,38,4,12.5
U19104,26,Female,Professional,Android,6.5,4.1,6,6.4,3,21,0,13.2
U19105,34,Male,Freelancer,iOS,4.6,0.7,7,6.0,5,22,1,3.6
U19106,42,Female,Professional,Android,9.5,5.1,4,7.2,3,18,3,8.4
U19107,27,Male,Business Owner,Android,11.1,3.1,2,6.1,9,29,1,13.4
U19108,35,Other,Professional,Android,8.5,2.0,10,8.4,4,50,5,9.4
U19109,39,Other,Professional,Android,6.2,3.1,10,4.0,3,36,1,6.5
U19110,44,Female,Student,iOS,1.2,2.6,1,7.5,8,16,1,10.8
U19111,22,Male,Student,iOS,5.2,2.8,4,6.2,3,25,4,3.4
U19112,51,Male,Freelancer,Android,1.3,5.9,6,6.2,8,32,6,7.7
U19113,41,Male,Student,Android,2.4,4.0,6,5.2,10,6,1,14.0
U19114,22,Male,Student,iOS,7.2,7.5,1,6.6,8,28,4,10.7
U19115,49,Other,Student,iOS,5.4,2.5,4,4.4,4,53,3,13.2
U19116,37,Female,Student,iOS,11.4,5.8,8,4.2,7,40,5,11.5
U19117,37,Female,Business Owner,Android,11.6,6.2,5,8.9,6,60,6,6.1
U19118,44,Other,Business Owner,Android,7.2,2.5,5,8.6,3,33,3,4.4
U19119,19,Male,Freelancer,Android,8.5,5.5,5,6.5,5,46,3,13.3
U19120,19,Female,Business Owner,iOS,8.7,1.7,9,6.3,8,27,5,8.5
U19121,36,Female,Freelancer,Android,5.2,3.6,9,5.7,7,57,5,2.2
U19122,38,Other,Student,Android,6.8,2.5,6,5.9,1,59,4,10.4
U19123,29,Female,Student,iOS,7.1,2.7,5,5.1,3,43,5,12.9
U19124,23,Male,Freelancer,iOS,9.9,3.4,8,7.0,8,39,0,9.6
U19125,26,Male,Student,iOS,3.1,0.6,2,5.2,6,32,2,3.5
U19126,51,Male,Professional,Android,5.8,3.4,4,8.5,3,41,3,10.0
U19127,56,Other,Student,Android,10.6,5.0,9,7.9,7,6,1,9.9
U19128,56,Other,Business Owner,iOS,8.4,4.1,8,4.1,3,30,4,12.3
U19129,24,Other,Student,iOS,8.3,7.8,6,4.4,6,29,3,13.9
U19130,41,Male,Student,Android,9.6,5.7,7,5.6,5,24,6,6.6
U19131,25,Male,Student,Android,6.7,2.5,1,8.5,9,52,2,8.6
U19132,24,Other,Business Owner,iOS,3.4,2.9,5,4.5,9,31,2,7.2
U19133,34,Male,Student,Android,3.3,1.2,3,8.5,6,26,1,9.6
U19134,39,Female,Business Owner,iOS,5.5,4.1,9,4.5,3,34,1,3.4
U19135,38,Female,Professional,iOS,5.2,7.8,3,6.7,4,7,4,10.2
U19136,25,Other,Professional,iOS,11.9,5.8,6,6.8,1,56,6,10.9
U19137,29,Other,Professional,iOS,11.3,4.8,5,8.6,2,60,2,4.8
U19138,54,Female,Freelancer,Android,5.4,6.2,2,5.3,9,41,6,7.9
U19139,31,Female,Freelancer,iOS,1.9,7.4,2,5.5,2,30,4,13.3
U19140,55,Male,Freelancer,Android,10.3,1.1,6,6.3,8,34,3,7.4
U19141,23,Male,Business Owner,iOS,6.4,7.6,9,6.0,4,59,6,6.7
U19142,32,Male,Business Owner,iOS,6.4,2.1,8,7.2,2,39,2,8.9
U19143,21,Female,Freelancer,iOS,4.4,7.7,2,7.4,8,55,0,13.4
U19144,35,Female,Business Owner,Android,6.7,6.5,1,5.2,9,33,5,3.4
U19145,37,Female,Business Owner,iOS,9.3,5.8,5,6.0,2,44,5,9.8
U19146,53,Male,Business Owner,Android,11.7,3.6,4,5.9,9,37,4,13.4
U19147,52,Female,Freelancer,iOS,2.7,7.3,2,6.3,3,40,3,8.3
U19148,23,Female,Student,iOS,6.8,4.9,4,5.8,5,6,0,12.2
U19149,53,Female,Business Owner,Android,6.4,3.9,6,6.9,8,36,2,11.2
U19150,54,Other,Professional,Android,2.9,4.9,9,5.6,1,25,5,3.4
U19151,52,Male,Freelancer,Android,2.6,2.9,7,4.9,2,57,1,13.2
U19152,37,Male,Freelancer,Android,10.2,4.9,8,8.2,6,50,5,10.4
U19153,53,Female,Business Owner,iOS,11.4,2.7,5,5.0,3,22,2,3.6
U19154,60,Other,Student,Android,4.3,3.2,9,4.7,7,16,1,11.0
U19155,37,Female,Freelancer,iOS,2.4,3.2,1,8.9,2,35,1,12.5
U19156,24,Male,Freelancer,Android,10.4,2.5,5,4.5,3,54,6,4.8
U19157,43,Female,Freelancer,iOS,10.5,0.9,9,6.5,3,56,2,8.0
U19158,20,Female,Professional,iOS,11.1,5.6,10,6.1,7,26,3,7.0
U19159,37,Female,Business Owner,iOS,3.5,5.6,5,4.6,2,38,2,6.0
U19160,44,Male,Freelancer,iOS,8.5,5.8,7,6.9,6,37,3,3.7
U19161,23,Male,Student,iOS,11.2,6.8,4,6.4,1,48,2,12.2
U19162,60,Male,Business Owner,iOS,8.0,7.4,5,8.4,2,46,2,5.2
U19163,39,Male,Business Owner,Android,9.4,6.2,2,5.6,3,11,5,2.5
U19164,35,Male,Business Owner,iOS,4.9,0.6,2,4.0,2,59,0,2.9
U19165,21,Female,Freelancer,Android,11.9,5.3,7,8.7,2,20,4,12.2
U19166,26,Female,Freelancer,iOS,9.8,7.1,9,4.1,3,60,3,7.8
U19167,22,Other,Freelancer,Android,4.7,1.0,4,7.1,3,8,1,3.6
U19168,24,Other,Student,Android,3.1,3.3,5,4.0,10,12,3,7.6
U19169,55,Male,Student,Android,4.2,6.9,9,6.7,10,50,2,4.4
U19170,18,Other,Business Owner,iOS,4.4,7.0,6,5.7,5,55,6,2.9
U19171,24,Male,Student,iOS,1.7,5.1,1,5.3,5,8,6,3.6
U19172,48,Other,Professional,iOS,3.9,0.9,2,7.2,8,39,5,5.9
U19173,20,Other,Student,Android,7.9,1.8,5,7.5,9,27,5,7.1
U19174,48,Male,Freelancer,Android,4.7,3.8,8,6.2,5,25,3,8.3
U19175,41,Female,Student,Android,3.1,3.9,10,6.4,3,33,0,11.0
U19176,43,Male,Professional,iOS,6.0,0.5,8,6.2,6,56,3,3.5
U19177,52,Female,Professional,iOS,9.6,1.8,6,6.6,8,26,6,3.1
U19178,24,Male,Professional,iOS,2.3,5.2,5,4.3,4,23,4,12.6
U19179,34,Male,Student,Android,10.7,1.3,4,8.7,4,17,5,10.4
U19180,28,Other,Professional,Android,2.5,5.7,3,6.9,7,48,2,9.4
U19181,55,Male,Business Owner,Android,10.9,1.7,2,8.8,7,40,2,3.9
U19182,53,Other,Business Owner,Android,1.2,1.2,3,8.3,10,38,4,5.9
U19183,33,Female,Business Owner,Android,3.3,7.3,9,7.6,6,37,5,11.5
U19184,23,Other,Professional,iOS,5.9,1.6,7,8.9,5,57,3,12.4
U19185,39,Female,Freelancer,iOS,6.4,3.6,9,8.5,7,7,2,4.7
U19186,28,Other,Professional,iOS,1.2,1.5,3,7.1,2,44,0,9.3
U19187,29,Other,Student,Android,9.0,1.0,9,7.7,3,30,2,4.3
U19188,59,Male,Freelancer,iOS,4.3,4.1,6,5.6,8,16,1,4.1
U19189,54,Other,Business Owner,iOS,8.1,5.7,5,6.8,6,37,1,9.6
U19190,24,Female,Student,Android,5.1,1.1,4,4.1,2,40,0,5.3
U19191,58,Male,Professional,iOS,1.5,4.4,5,8.0,5,29,1,6.3
U19192,19,Male,Professional,iOS,9.0,7.7,9,5.4,4,10,4,10.8
U19193,48,Other,Professional,iOS,5.5,0.9,3,7.1,9,45,6,13.4
U19194,31,Male,Student,Android,8.0,4.4,5,5.7,2,46,1,6.3
U19195,26,Male,Professional,iOS,2.8,7.2,4,8.0,8,33,1,13.9
U19196,28,Other,Freelancer,Android,5.8,5.7,1,4.1,7,53,1,2.9
U19197,50,Female,Freelancer,Android,9.3,1.2,3,8.0,7,21,3,6.5
U19198,33,Other,Student,iOS,7.2,2.4,1,5.9,2,9,2,13.1
U19199,44,Other,Freelancer,Android,5.2,6.3,5,4.3,6,53,5,9.0
U19200,18,Male,Student,iOS,5.4,1.5,10,7.8,1,17,2,12.7
U19201,51,Male,Business Owner,iOS,7.9,4.7,9,6.8,5,49,3,3.9
U19202,35,Male,Freelancer,iOS,6.6,5.7,6,4.2,2,24,6,8.4
U19203,54,Other,Professional,iOS,7.4,4.9,6,6.3,3,52,5,5.5
U19204,30,Female,Freelancer,iOS,2.9,4.1,4,8.6,3,23,1,3.9
U19205,49,Female,Student,iOS,4.1,2.0,7,4.2,1,52,6,13.4
U19206,53,Female,Professional,Android,4.0,3.7,6,8.3,10,33,1,13.6
U19207,33,Female,Professional,iOS,8.0,4.5,1,6.5,4,60,5,13.6
U19208,21,Female,Business Owner,Android,5.9,6.1,9,6.0,4,36,6,3.8
U19209,45,Female,Business Owner,Android,7.3,5.5,7,5.0,5,6,6,11.0
U19210,31,Other,Business Owner,iOS,10.9,4.4,3,5.0,4,35,1,2.8
U19211,57,Female,Professional,Android,11.4,5.5,9,5.9,2,11,0,7.8
U19212,60,Female,Student,iOS,4.3,7.6,2,7.4,3,37,2,7.4
U19213,42,Female,Business Owner,iOS,3.8,2.3,5,8.1,7,46,2,11.6
U19214,30,Other,Business Owner,iOS,4.6,3.8,5,6.5,2,54,0,9.6
U19215,51,Female,Freelancer,Android,2.7,7.8,9,4.4,4,6,4,7.1
U19216,36,Male,Student,Android,1.3,5.2,6,7.4,3,13,2,9.1
U19217,40,Male,Freelancer,iOS,7.6,5.2,1,5.6,3,44,2,7.0
U19218,26,Female,Professional,iOS,1.5,4.2,10,6.4,3,59,3,5.4
U19219,43,Male,Business Owner,Android,7.2,5.3,3,7.3,7,6,0,3.2
U19220,55,Female,Freelancer,Android,9.2,6.0,2,8.1,5,39,0,11.0
U19221,44,Other,Freelancer,Android,2.2,6.8,10,4.9,8,16,1,13.4
U19222,55,Female,Professional,iOS,6.1,1.5,6,7.1,3,8,0,6.8
U19223,36,Male,Student,Android,9.5,4.9,4,4.7,4,45,4,13.9
U19224,35,Female,Business Owner,iOS,2.1,0.9,7,5.4,8,20,2,10.5
U19225,33,Other,Freelancer,Android,10.4,6.3,5,8.3,7,54,1,9.1
U19226,57,Other,Freelancer,Android,10.1,6.1,7,7.8,2,54,2,12.6
U19227,25,Other,Professional,iOS,9.1,4.3,6,6.5,10,8,2,11.5
U19228,44,Other,Professional,iOS,7.7,1.1,10,7.7,9,10,0,11.2
U19229,34,Other,Business Owner,iOS,8.8,3.0,8,8.2,2,31,4,13.4
U19230,59,Other,Professional,iOS,11.1,7.8,6,8.9,6,17,1,2.9
U19231,56,Male,Student,Android,6.4,5.1,9,8.3,7,27,2,7.1
U19232,49,Female,Student,Android,5.7,4.0,4,8.0,4,39,0,5.5
U19233,18,Female,Business Owner,iOS,2.6,5.1,4,6.6,8,46,4,11.2
U19234,25,Female,Student,Android,8.6,6.7,9,6.3,3,47,6,8.8
U19235,43,Female,Freelancer,iOS,11.1,5.6,3,6.3,2,35,2,2.4
U19236,55,Other,Professional,iOS,4.1,3.1,1,5.4,10,7,5,12.2
U19237,30,Female,Freelancer,iOS,1.7,2.2,8,4.8,3,25,0,10.8
U19238,34,Female,Freelancer,Android,6.3,4.9,9,4.0,5,48,5,4.9
U19239,26,Female,Professional,Android,10.9,4.7,6,6.6,2,8,1,10.4
U19240,54,Other,Student,Android,6.7,3.0,6,4.1,4,8,0,6.4
U19241,29,Female,Student,iOS,5.7,3.7,10,8.8,10,25,3,7.5
U19242,59,Other,Freelancer,Android,6.0,0.8,9,7.3,6,50,1,6.8
U19243,55,Other,Business Owner,Android,3.9,4.4,8,8.8,10,29,6,12.6
U19244,25,Female,Student,Android,8.2,2.2,4,7.2,3,33,6,6.8
U19245,60,Other,Business Owner,iOS,11.3,7.6,2,6.4,1,26,1,9.9
U19246,33,Female,Student,Android,10.2,1.6,2,6.6,4,38,0,4.0
U19247,26,Female,Freelancer,Android,10.7,3.3,4,4.7,4,48,2,6.0
U19248,20,Female,Student,Android,1.7,0.7,4,6.7,9,44,4,3.6
U19249,32,Female,Professional,iOS,8.1,4.8,8,8.1,7,38,2,12.4
U19250,33,Male,Professional,iOS,10.1,0.9,5,4.0,3,17,6,9.5
U19251,20,Other,Student,Android,7.4,7.2,3,4.8,4,41,6,6.5
U19252,22,Other,Student,iOS,1.6,5.4,1,4.8,9,51,3,7.2
U19253,43,Male,Business Owner,Android,4.4,4.2,10,7.0,1,25,4,9.6
U19254,26,Female,Student,Android,11.2,1.5,8,7.1,7,25,0,8.0
U19255,31,Male,Freelancer,iOS,2.8,1.4,1,8.7,8,43,4,8.4
U19256,35,Female,Freelancer,Android,10.4,7.8,10,7.8,10,17,4,4.9
U19257,25,Other,Student,Android,7.5,5.7,7,5.3,8,58,6,6.0
U19258,54,Male,Freelancer,iOS,4.7,4.5,7,6.2,1,40,1,9.3
U19259,18,Female,Professional,iOS,4.5,1.8,5,6.0,4,28,5,12.4
U19260,59,Female,Freelancer,Android,6.2,6.6,4,8.2,7,56,5,13.4
U19261,31,Other,Student,iOS,11.2,5.6,5,5.3,2,46,2,7.3
U19262,25,Other,Student,iOS,5.1,1.0,3,5.7,3,46,1,6.9
U19263,18,Male,Student,iOS,5.0,6.1,5,6.4,4,36,0,11.7
U19264,44,Other,Freelancer,iOS,2.1,1.0,4,4.9,7,44,5,13.8
U19265,24,Other,Business Owner,Android,8.6,7.8,4,7.5,6,9,2,3.7
U19266,39,Other,Business Owner,iOS,9.3,2.8,8,7.7,1,36,6,5.9
U19267,31,Other,Freelancer,Android,7.2,4.8,6,4.5,2,30,4,7.2
U19268,46,Female,Freelancer,Android,1.0,2.9,4,5.8,8,15,4,11.4
U19269,27,Male,Professional,Android,3.7,7.3,5,4.4,6,19,1,13.7
U19270,27,Female,Professional,Android,4.5,7.5,2,4.5,5,15,4,12.6
U19271,59,Female,Business Owner,iOS,4.7,7.3,9,5.3,10,15,5,3.6
U19272,25,Male,Student,iOS,3.9,3.0,8,8.8,5,8,3,5.3
U19273,41,Male,Freelancer,Android,4.1,5.8,10,4.5,6,18,1,2.2
U19274,38,Other,Business Owner,iOS,8.7,4.5,2,8.3,1,36,5,2.6
U19275,44,Other,Freelancer,Android,5.8,1.0,1,7.2,10,33,3,6.5
U19276,42,Female,Professional,iOS,5.1,6.6,4,7.8,4,39,2,9.9
U19277,60,Male,Professional,Android,11.9,6.3,2,5.2,2,33,2,6.4
U19278,51,Female,Professional,iOS,8.9,7.7,8,5.2,4,59,2,7.5
U19279,35,Male,Freelancer,Android,7.8,5.1,4,6.4,9,21,3,10.1
U19280,46,Male,Professional,iOS,8.2,2.5,6,8.1,8,52,5,13.4
U19281,60,Other,Freelancer,iOS,4.1,0.5,9,6.3,2,22,4,12.8
U19282,30,Female,Student,iOS,9.2,3.6,3,6.0,6,16,6,2.2
U19283,58,Female,Student,iOS,11.0,6.1,3,4.7,6,20,3,5.9
U19284,27,Other,Professional,iOS,4.8,7.4,3,8.3,2,24,6,3.6
U19285,31,Female,Freelancer,iOS,6.5,2.7,9,5.2,6,57,1,9.5
U19286,42,Male,Student,iOS,1.2,5.7,4,5.4,6,7,6,5.7
U19287,40,Female,Freelancer,Android,9.6,1.0,9,6.3,9,55,2,10.7
U19288,30,Other,Business Owner,iOS,7.8,6.4,8,7.4,9,33,5,3.7
U19289,60,Male,Freelancer,Android,9.4,3.2,10,5.6,4,12,2,12.1
U19290,60,Female,Student,iOS,10.8,4.2,2,6.3,1,5,5,2.7
U19291,33,Female,Professional,iOS,2.7,5.9,4,7.3,2,9,4,4.8
U19292,49,Other,Professional,iOS,1.5,2.7,7,7.5,5,56,6,6.4
U19293,49,Female,Freelancer,Android,7.6,1.4,10,5.6,5,58,1,8.9
U19294,35,Other,Professional,Android,2.3,4.7,7,8.4,4,33,3,3.2
U19295,45,Female,Student,iOS,7.0,2.8,4,8.1,3,58,2,11.9
U19296,21,Female,Professional,iOS,5.1,1.5,7,4.4,10,52,2,7.9
U19297,34,Female,Professional,iOS,11.3,1.2,1,5.8,9,14,1,4.0
U19298,18,Female,Student,Android,1.8,4.6,3,5.9,5,10,3,13.3
U19299,45,Female,Freelancer,Android,11.2,3.3,10,5.8,7,29,6,13.9
U19300,47,Male,Business Owner,iOS,7.4,3.8,1,8.7,1,50,6,8.9
U19301,28,Other,Professional,iOS,2.3,3.0,10,6.6,2,30,0,11.8
U19302,21,Female,Business Owner,Android,8.9,5.7,9,5.8,8,11,0,4.0
U19303,21,Other,Freelancer,Android,9.8,1.4,4,8.7,6,53,0,2.8
U19304,47,Other,Professional,iOS,11.9,7.3,1,5.7,10,37,4,11.0
U19305,51,Male,Freelancer,iOS,8.0,6.2,7,5.0,10,34,0,4.0
U19306,36,Male,Professional,iOS,5.2,3.9,4,4.4,2,58,2,8.4
U19307,31,Male,Freelancer,Android,10.4,6.7,1,5.0,4,59,1,5.5
U19308,44,Male,Business Owner,Android,7.8,3.7,5,4.3,2,12,0,9.0
U19309,25,Other,Professional,Android,2.7,4.8,7,6.9,9,5,2,7.9
U19310,36,Other,Student,Android,8.9,5.1,9,6.2,7,35,4,8.8
U19311,27,Female,Professional,iOS,10.8,1.8,1,8.8,3,46,5,2.9
U19312,36,Male,Student,Android,4.2,1.1,1,8.9,9,36,2,5.8
U19313,35,Female,Freelancer,iOS,3.6,4.7,3,7.1,5,38,2,8.6
U19314,29,Female,Student,iOS,4.2,1.1,1,4.5,5,39,3,6.7
U19315,45,Other,Student,iOS,7.8,5.6,4,8.1,1,16,2,13.8
U19316,18,Female,Business Owner,Android,6.5,1.1,10,5.2,6,9,5,5.0
U19317,48,Male,Student,Android,10.3,1.0,6,8.3,9,52,1,11.1
U19318,51,Female,Business Owner,iOS,10.8,2.5,9,7.3,2,37,3,2.0
U19319,22,Other,Student,Android,3.1,5.7,8,7.6,8,8,6,10.2
U19320,55,Other,Business Owner,Android,9.5,4.4,5,7.6,6,12,6,8.3
U19321,47,Other,Freelancer,iOS,6.2,3.5,7,7.8,5,54,2,2.9
U19322,40,Other,Freelancer,Android,2.3,1.4,8,8.5,6,29,0,10.7
U19323,37,Other,Freelancer,iOS,1.6,7.5,7,6.1,10,59,4,3.2
U19324,59,Female,Student,Android,11.3,2.1,7,7.6,7,46,4,4.6
U19325,32,Female,Business Owner,iOS,4.5,2.1,8,7.8,2,22,5,4.3
U19326,46,Other,Professional,iOS,1.5,6.5,2,6.8,9,30,6,12.7
U19327,30,Other,Professional,iOS,2.8,7.9,8,5.8,3,26,0,5.9
U19328,35,Female,Professional,Android,2.7,8.0,1,8.5,2,21,4,5.4
U19329,48,Other,Freelancer,iOS,8.1,3.3,10,6.7,7,35,2,13.3
U19330,42,Male,Professional,iOS,10.0,0.5,4,8.5,2,22,3,4.1
U19331,35,Male,Freelancer,Android,8.6,5.8,9,6.2,9,23,3,6.2
U19332,28,Female,Student,Android,11.2,6.4,5,6.1,10,22,5,12.9
U19333,48,Other,Professional,Android,4.5,5.8,1,6.6,10,9,3,4.2
U19334,32,Other,Business Owner,Android,9.2,2.5,7,7.2,4,22,2,12.0
U19335,46,Male,Student,Android,10.1,7.6,4,7.8,1,52,2,13.4
U19336,26,Other,Business Owner,Android,11.1,5.6,6,5.8,7,49,4,10.3
U19337,19,Female,Freelancer,Android,1.5,4.8,3,5.7,8,45,1,13.5
U19338,33,Female,Freelancer,Android,10.8,5.4,10,6.2,10,36,6,9.2
U19339,59,Other,Business Owner,Android,1.8,2.4,6,4.3,8,29,3,4.3
U19340,49,Female,Freelancer,Android,5.5,2.5,3,5.7,4,50,3,7.8
U19341,42,Female,Student,iOS,10.5,3.0,7,8.4,4,31,5,6.5
U19342,32,Male,Business Owner,iOS,3.9,2.5,3,6.9,6,60,3,9.6
U19343,53,Male,Professional,Android,2.2,5.4,5,4.0,3,9,1,4.9
U19344,50,Male,Freelancer,Android,3.0,8.0,7,6.2,5,27,0,13.8
U19345,59,Female,Professional,Android,11.3,1.1,1,8.0,1,19,4,10.1
U19346,27,Male,Business Owner,iOS,8.8,7.9,1,7.1,6,51,2,11.8
U19347,25,Female,Professional,iOS,1.6,5.8,8,7.4,1,19,2,12.3
U19348,35,Female,Student,iOS,1.6,1.6,7,4.3,10,5,4,7.3
U19349,41,Female,Business Owner,Android,11.6,3.1,7,5.6,1,43,5,8.1
U19350,51,Male,Student,Android,1.5,6.0,5,7.7,10,35,2,5.7
U19351,34,Other,Freelancer,Android,9.2,5.3,10,7.9,8,54,5,4.6
U19352,24,Other,Professional,iOS,10.7,1.9,5,5.8,4,34,1,9.2
U19353,35,Female,Freelancer,Android,5.2,4.7,4,5.8,4,22,5,8.7
U19354,60,Female,Freelancer,iOS,8.2,1.1,4,6.0,5,24,3,8.9
U19355,51,Male,Professional,Android,7.2,0.6,8,7.3,3,43,5,12.1
U19356,37,Female,Student,iOS,11.7,5.2,9,8.9,10,13,6,7.7
U19357,43,Male,Freelancer,iOS,11.8,2.8,6,5.3,2,12,6,6.9
U19358,19,Male,Freelancer,Android,8.1,2.9,8,5.3,7,17,5,10.6
U19359,22,Male,Business Owner,Android,8.2,7.7,6,8.4,10,40,1,5.3
U19360,54,Male,Student,Android,2.1,1.6,5,4.3,8,17,0,3.6
U19361,24,Female,Freelancer,Android,7.0,3.1,9,8.0,7,43,4,13.8
U19362,33,Male,Freelancer,Android,3.3,2.2,5,7.5,5,22,5,4.2
U19363,36,Other,Student,iOS,7.8,4.0,8,4.2,7,17,0,6.5
U19364,34,Male,Professional,Android,5.9,3.8,10,7.4,5,38,2,5.2
U19365,33,Other,Freelancer,iOS,11.1,4.7,2,7.4,9,31,2,4.9
U19366,60,Other,Freelancer,Android,8.6,6.9,9,6.5,7,14,5,12.6
U19367,53,Male,Business Owner,Android,11.4,7.9,8,8.9,1,33,0,9.6
U19368,57,Other,Freelancer,iOS,11.2,4.1,8,4.7,1,32,3,3.7
U19369,54,Other,Professional,iOS,6.6,6.9,6,8.0,6,42,5,5.6
U19370,51,Other,Student,Android,6.4,5.9,1,8.0,4,18,0,13.9
U19371,29,Other,Student,iOS,1.7,2.6,5,5.0,7,43,3,10.5
U19372,58,Female,Freelancer,iOS,4.6,4.0,10,7.1,3,28,2,7.1
U19373,49,Other,Student,Android,2.1,5.0,6,7.2,8,31,1,2.1
U19374,51,Male,Business Owner,Android,8.2,6.1,2,4.7,6,55,4,12.3
U19375,18,Other,Professional,iOS,9.3,0.5,6,4.2,3,18,4,7.8
U19376,27,Other,Freelancer,iOS,3.1,5.1,10,4.0,7,9,1,5.7
U19377,19,Other,Professional,iOS,8.7,7.6,8,8.9,2,55,0,7.3
U19378,38,Female,Freelancer,Android,1.1,1.0,8,5.1,7,45,3,9.6
U19379,53,Other,Professional,Android,2.1,5.2,5,4.6,9,49,4,7.6
U19380,44,Other,Professional,iOS,1.6,4.1,6,7.9,8,16,3,5.1
U19381,54,Female,Freelancer,iOS,8.3,5.3,3,4.6,7,46,3,3.8
U19382,39,Female,Freelancer,iOS,4.0,3.6,7,5.4,5,16,4,6.6
U19383,18,Male,Freelancer,iOS,5.1,1.1,10,6.8,1,29,1,2.7
U19384,48,Other,Professional,Android,11.5,3.2,3,7.9,1,29,4,13.8
U19385,30,Female,Freelancer,iOS,6.3,5.6,1,4.8,3,47,4,11.5
U19386,29,Female,Business Owner,iOS,9.1,7.5,5,7.6,7,54,6,6.8
U19387,24,Female,Business Owner,Android,10.9,5.9,5,7.8,6,26,2,2.4
U19388,37,Male,Business Owner,Android,5.1,5.1,3,5.0,9,40,0,2.1
U19389,45,Male,Student,Android,4.2,3.0,9,7.1,8,47,5,13.1
U19390,34,Female,Professional,iOS,4.1,2.1,5,8.0,2,42,2,8.1
U19391,35,Male,Business Owner,Android,10.5,5.8,10,7.3,7,28,2,12.6
U19392,55,Other,Student,Android,3.5,2.6,3,5.0,3,39,3,10.7
U19393,30,Female,Student,Android,7.8,2.3,5,5.0,4,51,5,10.5
U19394,58,Other,Professional,Android,6.8,3.5,4,8.8,2,32,4,3.1
U19395,43,Male,Freelancer,Android,7.0,4.0,5,5.2,1,25,1,3.5
U19396,60,Other,Professional,iOS,7.5,1.0,2,8.7,7,48,0,12.1
U19397,56,Female,Professional,Android,9.1,0.8,10,5.1,6,27,4,4.5
U19398,54,Female,Professional,Android,6.5,6.3,2,7.8,3,24,4,11.5
U19399,54,Male,Freelancer,Android,9.8,4.6,9,6.1,2,21,1,6.3
U19400,40,Male,Business Owner,Android,7.4,5.9,6,4.1,10,51,1,11.5
U19401,24,Other,Professional,Android,3.6,3.6,6,6.6,10,50,4,14.0
U19402,42,Female,Freelancer,iOS,11.8,1.4,10,4.6,4,13,3,13.2
U19403,48,Female,Business Owner,iOS,11.2,4.7,10,8.7,6,40,4,4.2
U19404,57,Other,Business Owner,iOS,5.0,4.9,6,5.2,5,26,2,10.3
U19405,30,Male,Business Owner,iOS,11.2,1.5,9,7.0,7,35,6,4.8
U19406,33,Male,Freelancer,iOS,8.5,7.2,5,5.2,6,59,4,11.0
U19407,38,Female,Student,Android,1.9,3.2,1,6.5,7,47,4,10.0
U19408,20,Female,Business Owner,iOS,5.6,0.8,8,5.8,9,46,2,5.3
U19409,39,Male,Business Owner,iOS,3.1,6.7,10,8.6,5,42,5,7.4
U19410,40,Other,Business Owner,Android,4.7,2.3,2,7.5,8,36,2,4.7
U19411,48,Male,Professional,Android,6.8,2.6,2,8.0,1,36,6,2.2
U19412,33,Female,Student,Android,10.3,1.3,10,8.4,7,36,3,6.2
U19413,52,Female,Professional,iOS,2.7,5.8,5,5.3,6,44,2,8.9
U19414,39,Female,Student,Android,5.1,7.6,3,5.7,7,59,1,9.1
U19415,49,Female,Business Owner,Android,11.6,1.5,6,7.7,5,46,6,5.9
U19416,32,Male,Professional,Android,5.8,4.1,5,4.1,8,60,2,4.9
U19417,45,Other,Student,Android,5.5,1.8,2,7.0,8,17,3,13.7
U19418,53,Other,Student,Android,2.5,5.2,5,7.3,5,17,4,7.2
U19419,19,Other,Business Owner,iOS,11.0,7.6,9,8.7,9,22,0,2.9
U19420,22,Other,Professional,iOS,8.3,1.0,2,5.5,6,31,4,6.4
U19421,24,Female,Freelancer,iOS,9.6,1.1,5,4.8,7,58,2,3.3
U19422,54,Other,Freelancer,Android,7.7,6.8,2,5.2,9,55,6,5.6
U19423,26,Female,Professional,iOS,4.1,3.7,4,6.4,3,23,2,5.9
U19424,32,Other,Student,iOS,5.1,5.1,10,5.5,10,30,4,6.6
U19425,44,Female,Business Owner,Android,8.3,3.9,1,8.8,5,48,5,10.2
U19426,20,Male,Business Owner,Android,3.9,5.1,5,5.6,5,29,2,10.6
U19427,31,Female,Student,iOS,8.6,4.4,7,7.2,4,23,6,10.0
U19428,47,Male,Business Owner,Android,9.9,5.8,7,6.1,10,28,1,2.3
U19429,44,Female,Business Owner,iOS,7.2,4.7,1,8.0,6,14,3,2.5
U19430,52,Other,Student,iOS,8.2,5.9,1,6.3,1,17,0,8.0
U19431,22,Male,Student,iOS,10.7,3.4,8,7.4,6,18,5,2.4
U19432,24,Male,Student,iOS,6.3,1.5,4,5.1,2,50,1,5.0
U19433,53,Male,Freelancer,Android,7.9,3.9,2,8.4,7,30,3,7.1
U19434,46,Male,Student,Android,10.4,3.4,2,7.2,4,18,6,12.9
U19435,26,Male,Professional,iOS,5.8,5.9,6,5.1,4,7,6,13.5
U19436,32,Female,Professional,Android,4.2,3.1,9,7.2,9,56,4,7.9
U19437,31,Other,Business Owner,iOS,11.4,7.7,4,7.0,5,36,0,2.2
U19438,31,Male,Business Owner,Android,6.2,7.0,10,4.9,8,9,3,10.3
U19439,41,Male,Business Owner,iOS,1.2,7.2,3,8.5,3,13,3,12.1
U19440,24,Male,Business Owner,Android,7.5,3.6,8,4.5,5,22,2,3.9
U19441,20,Other,Business Owner,Android,1.5,5.1,7,8.4,7,22,3,9.7
U19442,34,Male,Professional,iOS,3.2,3.7,6,6.4,6,33,1,8.0
U19443,18,Other,Business Owner,Android,6.6,5.2,7,6.2,8,11,1,11.3
U19444,55,Male,Student,iOS,7.3,7.2,9,5.1,5,57,5,13.8
U19445,44,Male,Freelancer,iOS,8.6,6.1,6,6.2,10,18,0,9.3
U19446,25,Male,Freelancer,iOS,5.9,5.2,10,8.6,7,12,3,8.7
U19447,35,Male,Professional,Android,3.2,4.3,7,5.8,4,47,5,11.6
U19448,59,Other,Business Owner,iOS,9.2,2.6,5,6.1,6,48,6,7.3
U19449,55,Female,Student,Android,1.9,2.8,5,4.3,3,21,0,12.2
U19450,46,Other,Student,iOS,8.8,5.4,8,4.8,6,46,4,5.0
U19451,31,Other,Professional,iOS,6.7,3.7,8,8.9,9,19,2,3.6
U19452,23,Male,Freelancer,Android,1.7,4.3,10,6.5,8,5,4,4.0
U19453,39,Male,Freelancer,Android,5.6,7.4,6,4.7,4,53,5,5.7
U19454,33,Other,Freelancer,Android,8.2,1.5,10,7.8,7,39,3,12.4
U19455,57,Other,Freelancer,iOS,4.6,3.3,6,5.4,6,5,4,4.8
U19456,25,Female,Professional,iOS,5.8,5.2,7,7.2,6,29,5,9.9
U19457,23,Female,Business Owner,iOS,8.7,1.2,10,8.9,5,15,5,2.1
U19458,34,Other,Business Owner,Android,3.0,5.0,3,4.9,1,8,2,5.4
U19459,56,Female,Business Owner,iOS,11.3,4.0,6,5.6,1,38,4,7.3
U19460,52,Female,Professional,iOS,7.0,1.2,6,7.1,4,58,6,12.1
U19461,58,Female,Freelancer,Android,2.2,6.2,1,4.1,8,7,6,7.7
U19462,33,Female,Student,Android,7.6,2.5,8,8.3,8,18,0,7.1
U19463,20,Other,Business Owner,Android,4.9,7.3,8,5.4,3,14,5,11.8
U19464,48,Female,Freelancer,Android,6.1,1.0,7,5.1,1,18,5,3.6
U19465,35,Male,Student,Android,6.7,3.7,5,5.3,6,31,3,10.2
U19466,52,Female,Freelancer,Android,8.3,4.9,5,4.2,5,46,4,13.4
U19467,28,Other,Business Owner,Android,5.2,1.4,1,8.8,10,32,5,13.8
U19468,60,Other,Student,Android,8.5,6.1,4,7.6,8,44,1,5.6
U19469,18,Male,Freelancer,Android,5.2,4.3,3,4.6,3,32,4,4.5
U19470,49,Male,Professional,iOS,2.0,7.6,9,8.9,2,15,4,2.6
U19471,31,Other,Student,Android,7.5,1.9,6,7.5,9,23,4,4.5
U19472,44,Male,Professional,iOS,2.9,7.7,6,6.8,10,47,4,7.8
U19473,39,Male,Student,Android,5.3,3.5,1,7.0,2,8,4,12.9
U19474,24,Other,Professional,iOS,10.1,5.8,7,5.1,6,8,6,11.6
U19475,23,Male,Freelancer,iOS,1.2,7.8,5,5.4,9,28,5,13.2
U19476,50,Male,Business Owner,iOS,11.1,5.1,9,8.5,5,27,1,9.6
U19477,55,Male,Student,Android,1.3,1.0,7,8.0,3,15,5,11.9
U19478,32,Other,Freelancer,iOS,2.7,6.5,3,8.2,5,47,0,4.5
U19479,54,Other,Professional,Android,10.8,2.0,4,4.4,6,28,6,10.0
U19480,35,Male,Professional,iOS,9.9,5.8,6,7.6,1,23,3,9.6
U19481,18,Other,Student,Android,5.7,1.3,8,4.7,1,19,1,2.7
U19482,45,Other,Student,Android,7.3,2.0,1,8.7,9,56,5,12.1
U19483,40,Male,Freelancer,Android,10.6,7.6,10,7.7,7,24,5,4.6
U19484,40,Female,Business Owner,iOS,6.1,1.3,5,8.4,5,32,6,7.4
U19485,46,Female,Student,iOS,1.8,2.9,10,7.0,2,46,4,10.6
U19486,53,Other,Student,Android,6.5,5.0,6,8.0,8,23,6,4.6
U19487,28,Other,Business Owner,Android,4.2,3.8,3,8.8,1,16,1,12.6
U19488,19,Female,Freelancer,Android,5.8,1.5,1,8.5,7,59,2,10.8
U19489,24,Other,Business Owner,Android,12.0,7.5,7,5.8,2,34,6,10.0
U19490,58,Other,Business Owner,Android,8.9,5.0,7,6.5,2,25,2,12.9
U19491,54,Male,Professional,iOS,2.7,6.4,1,7.6,9,38,3,5.9
U19492,19,Female,Professional,Android,6.0,7.5,1,4.7,2,37,1,4.5
U19493,60,Other,Freelancer,iOS,5.7,0.5,9,5.6,6,21,2,5.9
U19494,35,Other,Freelancer,iOS,9.9,7.7,9,7.7,8,34,0,7.4
U19495,30,Other,Freelancer,Android,8.8,5.5,6,4.8,2,6,6,5.3
U19496,29,Male,Student,Android,10.9,5.4,4,7.2,2,27,5,13.2
U19497,28,Other,Business Owner,Android,6.3,6.2,9,5.0,7,12,4,2.5
U19498,32,Female,Student,Android,9.5,4.9,5,7.5,4,48,6,11.5
U19499,20,Female,Business Owner,iOS,4.9,1.0,4,8.8,3,6,6,7.3
U19500,29,Other,Freelancer,Android,11.7,2.2,4,6.6,9,32,1,3.9
U19501,30,Other,Professional,Android,8.6,3.6,2,4.0,1,50,6,13.1
U19502,31,Female,Freelancer,Android,3.5,7.4,9,7.1,6,41,5,12.9
U19503,30,Male,Business Owner,Android,7.5,1.5,2,7.2,2,36,1,2.3
U19504,26,Male,Business Owner,iOS,3.6,5.9,10,4.7,9,5,5,13.0
U19505,36,Other,Professional,Android,6.7,4.6,9,8.2,9,35,5,10.5
U19506,47,Female,Freelancer,Android,9.8,6.4,8,9.0,10,43,3,8.6
U19507,21,Female,Student,Android,1.7,5.0,9,8.9,8,51,4,12.1
U19508,60,Other,Professional,Android,6.7,8.0,5,8.9,7,10,2,6.0
U19509,46,Female,Student,Android,2.1,4.8,3,5.3,8,26,1,3.2
U19510,32,Female,Student,Android,6.0,1.7,10,7.0,6,23,4,8.4
U19511,57,Female,Freelancer,Android,8.1,7.8,3,5.3,4,49,3,11.4
U19512,26,Male,Professional,Android,8.6,5.3,9,6.2,5,36,5,7.6
U19513,20,Female,Freelancer,Android,1.5,5.3,4,5.2,6,52,4,12.4
U19514,25,Male,Business Owner,Android,9.8,6.2,8,8.3,8,53,0,10.0
U19515,31,Other,Freelancer,iOS,11.9,2.4,9,7.3,4,50,6,8.9
U19516,41,Male,Professional,iOS,8.5,6.3,10,6.1,5,58,2,6.7
U19517,58,Female,Business Owner,Android,2.3,1.3,5,7.8,7,36,6,4.9
U19518,37,Male,Professional,Android,3.6,5.4,6,4.9,8,26,2,11.4
U19519,45,Other,Freelancer,Android,4.1,6.8,1,5.6,1,17,0,13.9
U19520,27,Male,Freelancer,iOS,6.9,8.0,4,5.7,5,15,5,8.0
U19521,22,Female,Business Owner,iOS,3.1,1.2,9,7.7,9,53,3,8.0
U19522,28,Female,Student,iOS,3.0,3.3,1,8.4,4,34,6,7.2
U19523,48,Female,Professional,Android,1.4,6.2,1,8.9,2,54,4,11.7
U19524,42,Other,Freelancer,Android,11.1,3.0,10,7.5,1,17,3,9.7
U19525,18,Other,Business Owner,iOS,5.3,0.7,10,7.1,8,59,5,5.9
U19526,28,Female,Business Owner,iOS,6.6,5.6,7,6.1,1,45,0,11.4
U19527,41,Female,Student,iOS,9.5,6.8,2,8.3,3,35,0,12.2
U19528,20,Other,Freelancer,Android,7.2,1.1,10,5.6,1,59,6,9.4
U19529,52,Other,Freelancer,Android,4.4,2.6,10,5.1,1,35,0,9.5
U19530,29,Other,Student,Android,5.8,6.6,3,7.9,3,8,3,11.7
U19531,44,Other,Student,iOS,4.4,3.3,2,7.1,9,54,3,8.2
U19532,24,Male,Student,iOS,1.8,4.4,10,6.8,8,10,3,9.5
U19533,23,Other,Professional,iOS,10.2,2.5,10,7.2,9,57,1,2.2
U19534,28,Male,Student,Android,5.6,4.1,5,8.3,6,32,3,2.7
U19535,31,Female,Student,iOS,3.1,6.2,9,7.3,9,45,4,7.4
U19536,22,Female,Freelancer,Android,9.7,7.7,2,5.8,2,59,4,8.1
U19537,27,Male,Professional,Android,8.8,3.3,10,4.2,4,52,4,13.1
U19538,44,Other,Freelancer,iOS,3.1,7.5,2,7.1,9,41,6,7.1
U19539,24,Female,Student,iOS,11.3,3.3,8,6.6,1,56,2,5.2
U19540,45,Female,Professional,iOS,2.4,3.0,2,5.0,10,32,1,6.5
U19541,32,Other,Freelancer,iOS,3.9,6.4,9,4.5,6,59,6,8.8
U19542,28,Male,Freelancer,Android,7.9,6.8,3,6.1,1,36,2,6.6
U19543,35,Male,Professional,iOS,10.1,6.9,2,4.8,5,51,3,12.1
U19544,51,Female,Student,Android,12.0,6.6,9,6.1,3,56,1,2.8
U19545,53,Male,Business Owner,Android,8.3,1.3,10,7.5,1,17,6,4.7
U19546,51,Female,Business Owner,Android,8.7,2.1,10,5.1,7,10,1,12.3
U19547,55,Female,Business Owner,iOS,4.8,2.2,7,5.4,10,21,2,3.2
U19548,55,Female,Professional,Android,6.5,4.4,10,5.3,5,15,3,5.8
U19549,39,Other,Professional,Android,1.0,4.5,9,6.6,4,27,2,6.0
U19550,46,Female,Freelancer,iOS,6.3,2.5,9,4.5,8,55,5,9.5
U19551,28,Other,Professional,iOS,6.0,0.7,3,6.8,10,36,2,9.8
U19552,56,Other,Professional,iOS,6.6,1.3,2,7.1,7,19,3,2.1
U19553,52,Other,Student,Android,8.6,4.0,10,6.2,3,46,1,7.2
U19554,60,Other,Business Owner,iOS,2.7,3.0,2,5.5,5,54,3,13.5
U19555,54,Other,Freelancer,Android,9.5,4.2,6,8.8,5,5,6,4.3
U19556,31,Female,Freelancer,iOS,4.6,7.6,7,7.7,6,6,1,11.9
U19557,46,Male,Professional,Android,4.4,2.1,4,8.4,7,27,3,9.9
U19558,45,Female,Professional,Android,11.9,7.0,2,6.9,2,49,3,3.8
U19559,29,Female,Professional,iOS,4.9,2.1,4,4.2,3,58,2,7.3
U19560,57,Female,Student,Android,10.3,3.5,10,8.8,3,40,1,13.6
U19561,46,Female,Student,iOS,7.7,6.5,8,5.4,6,44,4,8.9
U19562,35,Male,Student,Android,11.5,7.4,5,7.5,7,18,0,6.8
U19563,38,Male,Professional,Android,2.3,1.4,7,7.4,7,34,6,13.1
U19564,34,Male,Freelancer,Android,9.3,3.5,2,6.3,3,56,1,12.6
U19565,56,Other,Student,Android,4.8,3.7,4,7.7,3,52,0,5.9
U19566,31,Other,Professional,Android,6.8,5.8,5,6.4,4,46,4,7.9
U19567,19,Other,Professional,Android,5.0,5.1,8,6.4,6,58,2,6.1
U19568,30,Female,Professional,Android,3.0,4.3,3,4.7,6,15,2,9.5
U19569,43,Male,Business Owner,iOS,6.0,2.3,6,4.3,10,52,0,6.0
U19570,36,Other,Student,Android,7.8,7.4,6,5.9,2,12,2,7.9
U19571,42,Male,Business Owner,Android,8.4,3.3,10,5.0,8,48,3,5.5
U19572,52,Other,Student,iOS,4.4,3.2,4,5.6,3,57,3,8.9
U19573,47,Male,Student,Android,11.2,6.4,5,7.1,6,25,4,6.8
U19574,23,Female,Professional,Android,1.1,1.5,9,8.5,1,40,4,13.4
U19575,55,Female,Student,Android,6.3,3.8,3,5.9,1,59,6,8.1
U19576,25,Other,Professional,Android,2.1,3.9,9,7.1,8,10,1,3.5
U19577,26,Male,Professional,Android,11.6,4.2,2,7.4,1,31,4,4.0
U19578,21,Other,Freelancer,Android,8.8,4.7,7,8.1,6,29,0,5.7
U19579,32,Other,Professional,Android,9.7,1.5,3,4.8,6,42,0,12.0
U19580,52,Male,Business Owner,Android,10.0,4.9,9,4.5,1,53,0,7.9
U19581,25,Other,Professional,Android,7.9,2.1,8,5.1,3,11,6,11.4
U19582,53,Other,Student,iOS,11.5,2.6,4,7.5,2,47,5,11.5
U19583,48,Male,Business Owner,Android,2.9,7.3,4,8.9,6,59,0,13.1
U19584,43,Other,Business Owner,Android,7.9,6.6,4,6.8,1,45,0,13.5
U19585,59,Male,Professional,iOS,5.4,0.7,10,6.3,6,19,5,11.0
U19586,55,Male,Professional,Android,8.8,4.2,6,7.0,9,13,5,12.3
U19587,26,Male,Freelancer,iOS,2.2,6.7,4,4.3,9,49,0,2.3
U19588,21,Male,Student,Android,5.3,2.6,9,7.7,8,16,3,10.4
U19589,51,Male,Student,Android,9.9,0.6,2,8.2,10,32,5,9.6
U19590,29,Male,Student,iOS,10.7,2.9,7,5.3,2,47,2,11.0
U19591,52,Female,Freelancer,iOS,7.5,7.8,6,6.4,5,41,2,2.8
U19592,32,Other,Business Owner,iOS,4.7,6.7,2,6.8,2,46,1,6.9
U19593,26,Male,Freelancer,Android,11.1,7.8,7,7.5,1,32,3,3.4
U19594,33,Male,Student,Android,1.2,0.8,3,4.8,5,25,5,2.1
U19595,21,Other,Freelancer,Android,1.6,6.2,5,7.1,7,11,4,4.8
U19596,50,Other,Professional,Android,11.5,1.6,10,5.3,6,44,4,4.3
U19597,56,Other,Professional,iOS,9.8,2.3,6,5.3,6,16,1,12.3
U19598,52,Female,Freelancer,Android,10.1,6.5,1,5.1,10,15,0,6.4
U19599,22,Male,Professional,Android,2.5,1.2,1,8.1,1,60,0,12.0
U19600,33,Male,Student,Android,3.0,4.7,1,6.6,4,56,1,11.6
U19601,52,Female,Professional,Android,6.9,7.7,9,6.8,4,54,1,3.9
U19602,53,Other,Student,iOS,8.4,4.0,7,7.3,9,7,4,8.2
U19603,23,Female,Professional,Android,5.0,2.7,2,5.5,4,41,6,4.3
U19604,39,Male,Freelancer,Android,10.9,1.4,2,6.0,5,41,4,13.1
U19605,51,Female,Professional,iOS,4.8,2.4,3,9.0,4,60,4,3.4
U19606,52,Female,Business Owner,iOS,3.3,2.8,7,5.9,2,28,1,13.4
U19607,23,Male,Student,iOS,3.8,1.5,1,8.3,2,60,5,5.8
U19608,34,Other,Student,Android,9.5,2.3,10,6.1,6,53,4,5.3
U19609,34,Female,Business Owner,iOS,6.5,5.6,7,5.1,4,7,0,3.7
U19610,39,Other,Business Owner,Android,3.7,1.2,6,8.5,9,8,1,12.7
U19611,53,Female,Professional,iOS,11.3,6.2,3,5.4,9,55,5,2.2
U19612,26,Male,Student,iOS,4.9,7.7,4,6.4,10,11,6,6.5
U19613,29,Male,Freelancer,iOS,10.4,3.6,3,7.4,8,60,1,8.7
U19614,20,Female,Student,Android,7.1,3.7,8,4.3,10,41,1,2.9
U19615,45,Male,Professional,Android,2.2,1.8,7,7.8,4,56,1,10.3
U19616,49,Male,Business Owner,Android,6.7,4.5,2,7.5,4,6,2,5.3
U19617,31,Other,Freelancer,Android,9.3,7.8,9,7.4,10,56,0,5.7
U19618,26,Female,Student,iOS,5.1,0.7,1,6.8,6,43,1,3.2
U19619,32,Female,Professional,Android,2.8,4.7,6,5.9,3,47,3,2.9
U19620,58,Female,Professional,Android,3.4,1.0,8,5.0,6,18,4,3.5
U19621,23,Female,Professional,Android,5.8,3.9,6,5.7,7,46,4,11.3
U19622,51,Male,Business Owner,iOS,1.6,4.5,4,6.1,9,19,1,11.1
U19623,27,Other,Professional,iOS,4.8,7.2,2,5.5,2,53,5,13.1
U19624,57,Male,Business Owner,Android,6.3,6.2,9,6.0,4,39,5,3.7
U19625,46,Male,Freelancer,Android,11.3,7.4,10,5.2,5,25,4,2.2
U19626,22,Male,Freelancer,iOS,4.4,4.7,9,6.7,1,27,1,10.5
U19627,45,Male,Professional,Android,6.0,7.1,4,6.5,2,26,2,10.0
U19628,58,Male,Freelancer,iOS,2.4,7.9,8,7.5,4,58,4,12.5
U19629,52,Other,Freelancer,iOS,8.9,8.0,3,5.3,5,41,4,9.9
U19630,23,Female,Student,iOS,4.5,5.1,4,7.2,1,42,1,14.0
U19631,38,Male,Business Owner,iOS,3.3,8.0,4,4.7,10,12,5,12.5
U19632,47,Female,Professional,iOS,8.1,1.7,10,4.6,1,36,1,8.8
U19633,28,Male,Freelancer,iOS,11.2,7.4,7,7.2,4,38,0,3.2
U19634,35,Female,Professional,iOS,8.1,2.3,8,5.8,8,54,4,9.6
U19635,39,Female,Student,iOS,3.7,5.4,4,7.0,6,22,6,13.8
U19636,19,Other,Freelancer,iOS,10.0,3.3,3,4.3,2,28,1,2.3
U19637,20,Other,Business Owner,iOS,10.7,6.6,4,7.4,4,48,2,3.1
U19638,18,Female,Business Owner,iOS,11.9,7.0,1,4.7,5,28,1,4.2
U19639,19,Male,Professional,Android,4.1,8.0,3,5.8,2,21,5,5.4
U19640,60,Male,Professional,iOS,10.7,2.1,10,7.8,1,60,2,8.0
U19641,19,Female,Student,iOS,11.8,4.2,6,8.3,4,22,3,11.5
U19642,19,Female,Student,iOS,10.9,7.9,6,5.7,2,5,2,7.9
U19643,23,Female,Student,iOS,9.7,2.8,8,4.1,5,17,0,2.1
U19644,38,Other,Professional,Android,2.7,6.3,8,5.9,3,36,5,12.8
U19645,28,Female,Student,Android,4.2,7.8,3,7.9,8,11,4,5.0
U19646,58,Female,Freelancer,Android,8.3,1.8,3,7.2,9,9,3,10.2
U19647,55,Female,Student,iOS,9.6,3.1,6,6.4,9,8,3,6.7
U19648,23,Other,Freelancer,iOS,6.5,5.6,10,5.4,9,30,2,3.0
U19649,23,Male,Freelancer,Android,6.2,5.9,9,5.4,7,44,2,9.8
U19650,30,Male,Freelancer,Android,4.8,4.2,3,5.9,10,46,3,13.0
U19651,48,Male,Professional,Android,5.9,1.4,10,7.6,7,53,6,8.3
U19652,24,Male,Business Owner,iOS,4.1,2.6,4,8.9,6,5,4,9.7
U19653,46,Male,Business Owner,iOS,10.5,4.7,5,5.1,9,15,3,13.6
U19654,52,Male,Freelancer,Android,5.3,1.0,9,8.3,4,41,0,10.0
U19655,59,Male,Business Owner,Android,4.4,1.3,6,5.0,6,10,6,6.9
U19656,41,Other,Student,Android,9.2,3.5,4,4.7,8,9,6,12.5
U19657,21,Other,Student,Android,6.1,7.5,10,8.3,10,36,5,9.9
U19658,58,Female,Student,Android,7.7,7.6,10,7.2,8,50,3,2.7
U19659,56,Female,Professional,Android,9.1,5.1,7,5.4,7,28,5,11.5
U19660,19,Male,Business Owner,Android,8.9,1.3,10,8.7,1,41,3,9.9
U19661,27,Female,Professional,iOS,4.2,7.1,6,6.8,10,20,0,9.2
U19662,40,Other,Business Owner,Android,1.4,7.7,9,4.7,5,26,2,7.1
U19663,38,Female,Business Owner,iOS,9.9,5.8,4,7.5,3,50,0,8.3
U19664,42,Female,Freelancer,iOS,5.5,0.6,9,5.0,2,18,6,13.8
U19665,25,Male,Freelancer,Android,2.3,2.7,3,4.0,7,57,6,8.8
U19666,50,Male,Student,Android,11.4,6.6,9,6.3,1,50,4,6.4
U19667,59,Other,Business Owner,iOS,2.3,1.2,8,4.8,5,10,0,9.0
U19668,36,Female,Business Owner,Android,10.8,3.1,8,6.8,9,49,1,12.8
U19669,36,Other,Freelancer,Android,11.8,5.1,10,8.2,5,18,5,9.8
U19670,34,Female,Student,Android,4.6,2.4,3,5.4,5,50,4,10.2
U19671,28,Other,Freelancer,Android,1.0,5.1,4,8.1,8,46,5,12.4
U19672,23,Male,Student,Android,11.7,3.3,1,7.2,8,57,3,9.3
U19673,52,Male,Student,Android,9.3,7.9,5,5.1,2,10,5,3.2
U19674,27,Other,Business Owner,Android,9.5,7.4,6,7.7,10,25,2,2.3
U19675,56,Female,Student,Android,1.4,6.5,2,6.4,10,42,5,3.4
U19676,60,Other,Student,Android,3.7,7.0,4,8.5,6,24,5,12.5
U19677,54,Female,Professional,iOS,9.9,0.6,6,4.7,8,27,6,3.7
U19678,52,Female,Student,Android,5.8,1.5,8,8.8,6,20,6,13.0
U19679,48,Other,Freelancer,Android,6.1,7.2,2,8.4,3,25,0,13.8
U19680,36,Other,Student,iOS,4.5,3.7,7,4.2,10,52,2,9.7
U19681,49,Female,Student,Android,6.9,4.0,6,6.9,5,51,2,5.9
U19682,51,Other,Business Owner,iOS,7.6,7.1,1,4.9,9,32,0,2.5
U19683,22,Male,Professional,iOS,6.2,5.2,6,6.9,5,39,4,9.7
U19684,27,Male,Business Owner,Android,4.7,4.1,9,4.3,1,12,0,5.7
U19685,29,Female,Professional,iOS,8.5,4.9,5,8.0,7,51,0,8.8
U19686,36,Male,Business Owner,iOS,6.8,7.8,8,8.7,4,12,2,13.6
U19687,50,Male,Freelancer,Android,3.1,4.1,9,4.5,7,12,4,5.1
U19688,57,Male,Student,Android,11.7,1.2,7,5.1,10,23,1,2.8
U19689,20,Other,Professional,Android,7.9,7.3,7,5.3,2,28,0,10.9
U19690,38,Other,Business Owner,Android,1.7,1.0,8,7.9,5,6,1,13.2
U19691,42,Male,Professional,Android,8.2,3.3,1,6.8,6,49,5,8.3
U19692,48,Male,Professional,Android,11.2,6.0,1,4.5,6,52,6,9.0
U19693,20,Female,Professional,Android,7.8,1.1,8,8.8,3,9,5,8.9
U19694,50,Female,Professional,Android,9.2,3.0,4,6.1,6,47,1,8.4
U19695,45,Other,Freelancer,iOS,1.4,7.2,6,5.7,9,15,2,8.4
U19696,47,Other,Professional,iOS,11.5,4.7,3,5.5,2,27,5,3.2
U19697,19,Other,Professional,Android,5.8,2.4,1,6.4,8,12,5,2.2
U19698,20,Other,Professional,iOS,10.5,6.4,8,4.4,2,17,3,10.2
U19699,56,Male,Professional,Android,8.4,4.9,4,4.3,6,52,6,7.5
U19700,21,Other,Professional,Android,3.7,4.8,2,5.5,5,41,0,2.6
U19701,18,Other,Student,iOS,7.1,1.0,7,5.8,7,30,4,4.5
U19702,60,Male,Business Owner,Android,4.5,1.9,5,7.4,8,47,6,12.7
U19703,34,Other,Student,Android,3.1,3.0,4,4.8,4,19,1,14.0
U19704,33,Male,Student,iOS,1.4,5.1,8,8.2,4,39,3,14.0
U19705,42,Male,Professional,iOS,10.4,7.9,4,5.4,3,30,6,11.5
U19706,40,Female,Business Owner,Android,3.6,4.3,6,8.8,5,45,3,7.4
U19707,58,Other,Professional,Android,4.2,4.8,3,7.4,9,34,0,13.7
U19708,39,Male,Student,iOS,9.9,5.7,5,5.5,3,11,3,2.3
U19709,23,Female,Professional,iOS,4.7,6.8,8,4.7,2,17,2,6.5
U19710,41,Male,Professional,iOS,8.6,5.9,10,6.8,9,29,4,8.2
U19711,51,Male,Freelancer,iOS,10.6,2.3,6,7.9,7,29,0,8.3
U19712,35,Female,Professional,Android,6.7,6.5,1,7.9,10,54,6,13.8
U19713,51,Female,Professional,iOS,8.9,2.8,2,6.7,6,51,1,4.2
U19714,27,Male,Business Owner,Android,10.9,0.6,4,8.0,10,44,2,2.2
U19715,43,Other,Freelancer,Android,7.7,1.2,8,8.7,1,13,5,5.9
U19716,42,Female,Professional,Android,6.4,3.0,9,6.1,8,48,3,2.3
U19717,54,Female,Business Owner,iOS,9.8,3.4,6,6.0,7,37,1,11.9
U19718,25,Male,Professional,iOS,10.3,6.8,9,5.6,10,49,5,9.4
U19719,33,Female,Professional,Android,4.3,7.3,10,5.1,3,41,5,3.9
U19720,44,Female,Professional,Android,5.9,6.8,2,5.8,3,12,1,3.4
U19721,27,Other,Professional,iOS,5.2,5.2,1,4.2,9,38,6,10.6
U19722,35,Other,Business Owner,Android,3.1,5.0,7,7.0,10,18,3,10.6
U19723,50,Other,Student,iOS,11.8,3.2,5,7.5,10,29,6,6.0
U19724,32,Other,Student,iOS,11.8,4.1,10,5.2,4,23,6,9.0
U19725,38,Other,Business Owner,Android,10.2,4.5,1,4.8,3,15,1,4.8
U19726,41,Other,Business Owner,Android,11.7,4.0,9,7.1,3,32,5,10.4
U19727,60,Other,Professional,Android,9.0,6.9,3,7.8,7,33,6,4.7
U19728,21,Male,Freelancer,iOS,7.2,7.6,10,8.4,4,19,2,5.2
U19729,41,Female,Professional,iOS,3.2,4.4,3,6.0,1,53,4,9.1
U19730,37,Female,Business Owner,Android,6.0,8.0,4,8.8,6,7,4,7.0
U19731,28,Other,Professional,iOS,3.0,7.5,2,7.9,9,29,5,10.2
U19732,54,Female,Freelancer,iOS,3.1,2.6,10,6.2,2,16,4,5.1
U19733,42,Female,Professional,iOS,1.9,7.4,8,5.6,5,41,3,5.9
U19734,20,Other,Professional,Android,1.9,3.6,7,9.0,2,58,5,12.1
U19735,53,Female,Business Owner,Android,10.4,1.6,5,4.8,6,46,2,8.4
U19736,20,Female,Professional,Android,2.2,5.9,7,6.9,7,42,2,3.9
U19737,58,Other,Freelancer,iOS,6.2,7.5,9,5.7,2,39,5,2.3
U19738,48,Other,Business Owner,Android,4.5,6.6,7,7.6,2,25,3,10.6
U19739,21,Female,Professional,Android,4.3,0.8,9,4.3,4,30,5,4.6
U19740,44,Male,Student,iOS,9.9,5.5,3,4.6,3,57,1,5.1
U19741,31,Male,Business Owner,Android,7.1,1.7,6,8.0,7,52,2,6.8
U19742,33,Male,Freelancer,iOS,7.9,6.6,3,5.4,7,41,1,12.5
U19743,44,Male,Professional,iOS,5.9,3.4,3,8.3,6,23,0,2.2
U19744,56,Female,Professional,iOS,1.4,7.4,1,6.3,8,58,5,4.8
U19745,57,Other,Business Owner,iOS,2.4,2.9,5,8.0,3,45,2,4.4
U19746,53,Female,Business Owner,Android,3.1,4.9,10,6.6,3,28,2,3.0
U19747,47,Other,Freelancer,iOS,2.5,5.5,4,7.1,2,39,5,11.3
U19748,57,Female,Business Owner,Android,8.5,4.3,10,8.1,6,28,0,12.5
U19749,40,Male,Student,iOS,7.0,2.8,10,7.1,7,47,2,12.2
U19750,19,Male,Freelancer,Android,7.2,7.5,1,5.3,8,42,1,13.9
U19751,57,Other,Professional,iOS,6.7,3.5,10,5.7,6,33,6,9.7
U19752,58,Male,Business Owner,Android,4.3,7.5,6,4.3,4,42,5,10.4
U19753,51,Male,Freelancer,Android,8.2,1.6,4,6.5,10,48,0,9.9
U19754,29,Female,Professional,iOS,10.1,7.7,3,4.2,3,35,0,3.1
U19755,26,Male,Professional,Android,9.5,7.9,1,7.2,9,49,0,4.1
U19756,22,Female,Freelancer,Android,4.6,5.5,3,5.8,7,35,5,4.5
U19757,21,Female,Business Owner,Android,8.6,1.3,2,4.1,7,19,2,6.7
U19758,35,Female,Business Owner,Android,10.3,7.7,1,4.2,8,22,5,6.7
U19759,21,Other,Student,Android,8.7,2.9,7,5.6,4,45,4,2.6
U19760,25,Other,Professional,Android,3.4,1.9,6,6.6,2,12,0,12.7
U19761,43,Female,Professional,iOS,8.1,5.7,7,8.8,4,58,6,8.5
U19762,34,Male,Freelancer,iOS,11.5,6.5,3,6.8,1,22,6,4.3
U19763,51,Other,Student,Android,1.5,6.3,3,7.9,7,45,6,10.0
U19764,25,Female,Freelancer,iOS,4.6,7.0,3,8.6,3,16,5,8.5
U19765,53,Female,Freelancer,Android,1.4,0.7,7,6.7,8,48,4,7.9
U19766,51,Other,Business Owner,Android,1.4,4.6,10,7.2,7,47,5,10.2
U19767,18,Female,Freelancer,iOS,11.2,0.5,3,5.4,7,55,3,13.7
U19768,34,Female,Business Owner,iOS,8.7,5.8,9,7.8,4,48,3,11.7
U19769,58,Other,Freelancer,iOS,1.8,2.6,9,4.4,9,18,1,6.4
U19770,34,Male,Freelancer,iOS,9.0,6.8,2,8.5,10,7,6,2.9
U19771,59,Other,Professional,Android,1.6,4.3,9,7.0,10,36,4,13.0
U19772,29,Male,Business Owner,iOS,4.0,3.4,1,7.1,5,53,6,4.3
U19773,53,Male,Business Owner,Android,10.2,3.4,7,5.5,3,6,5,7.6
U19774,48,Other,Professional,Android,11.5,7.3,2,5.4,6,34,5,7.5
U19775,49,Male,Student,Android,10.6,0.7,2,8.9,6,20,1,8.6
U19776,33,Male,Freelancer,iOS,10.0,6.1,9,6.8,9,13,4,2.2
U19777,51,Female,Freelancer,iOS,5.7,4.1,9,5.3,5,29,3,5.1
U19778,30,Other,Business Owner,Android,9.8,0.9,10,8.8,6,38,3,9.6
U19779,42,Other,Student,iOS,9.8,2.5,6,6.9,2,43,6,4.1
U19780,30,Female,Professional,iOS,8.3,7.0,9,6.4,1,59,5,7.4
U19781,51,Other,Student,iOS,5.2,4.5,5,4.3,3,6,5,13.4
U19782,59,Other,Student,iOS,3.7,1.3,10,4.5,10,12,6,8.4
U19783,22,Female,Business Owner,iOS,8.1,6.9,7,7.7,5,40,5,6.5
U19784,43,Male,Freelancer,Android,9.2,3.2,6,7.8,7,48,5,12.2
U19785,35,Female,Business Owner,Android,9.9,7.0,2,8.8,1,8,0,6.2
U19786,33,Male,Student,Android,4.2,1.5,8,7.2,5,42,5,11.3
U19787,27,Other,Professional,Android,10.7,1.1,6,5.6,9,26,6,9.6
U19788,22,Male,Business Owner,Android,9.3,1.6,8,6.7,4,50,4,4.6
U19789,27,Other,Business Owner,Android,5.2,3.7,5,7.0,2,56,3,8.2
U19790,43,Female,Student,Android,4.2,6.0,1,6.7,7,16,4,5.2
U19791,57,Female,Business Owner,iOS,5.2,1.5,1,7.1,5,16,3,9.2
U19792,36,Male,Student,iOS,9.1,3.2,8,6.8,10,43,0,12.0
U19793,28,Male,Student,iOS,2.7,0.7,9,8.9,8,34,1,6.0
U19794,51,Female,Professional,Android,7.2,5.6,5,7.4,3,41,0,4.8
U19795,54,Other,Business Owner,Android,5.8,6.8,5,7.2,10,42,2,8.5
U19796,59,Male,Professional,Android,6.1,7.0,3,4.9,9,18,0,4.2
U19797,60,Other,Freelancer,Android,4.4,6.5,6,4.5,10,49,5,13.2
U19798,60,Male,Professional,Android,1.6,0.9,9,9.0,7,53,6,7.7
U19799,37,Female,Student,iOS,8.5,6.1,10,5.2,3,26,5,12.3
U19800,44,Female,Student,iOS,8.7,1.0,1,8.2,10,39,5,13.2
U19801,37,Male,Freelancer,iOS,3.6,7.0,9,5.2,7,27,5,5.7
U19802,28,Male,Business Owner,Android,8.1,2.0,1,4.2,3,53,4,9.5
U19803,19,Other,Freelancer,iOS,5.2,1.9,1,8.6,4,42,2,8.9
U19804,33,Male,Professional,Android,10.5,5.6,5,7.3,5,57,5,7.9
U19805,44,Male,Professional,Android,10.5,6.9,9,5.3,4,10,4,8.5
U19806,26,Male,Business Owner,Android,11.7,0.7,8,8.7,5,37,2,12.7
U19807,41,Other,Professional,Android,1.4,2.4,9,4.3,1,6,2,2.4
U19808,51,Female,Student,iOS,3.9,0.7,2,7.3,8,58,1,4.9
U19809,45,Male,Business Owner,Android,4.2,4.7,7,6.1,10,45,0,12.0
U19810,31,Other,Freelancer,Android,10.0,6.8,8,8.8,9,27,1,7.8
U19811,24,Other,Professional,iOS,7.4,4.1,10,5.2,9,30,4,3.0
U19812,37,Male,Freelancer,iOS,6.8,7.1,10,8.1,2,17,5,4.1
U19813,34,Female,Freelancer,iOS,5.9,4.2,10,7.8,2,40,2,4.6
U19814,23,Male,Professional,iOS,7.8,3.7,3,4.9,3,52,4,10.9
U19815,47,Female,Business Owner,Android,8.7,3.9,9,6.9,1,27,3,5.1
U19816,20,Female,Student,iOS,11.3,6.3,4,5.4,7,59,0,4.6
U19817,42,Other,Business Owner,iOS,1.8,4.8,2,5.7,5,32,6,8.4
U19818,36,Other,Professional,Android,10.1,2.0,1,5.7,10,50,5,7.1
U19819,58,Other,Student,Android,6.4,2.2,3,4.8,6,27,4,9.8
U19820,42,Female,Professional,Android,6.3,3.4,2,6.6,3,12,1,5.1
U19821,28,Other,Professional,Android,8.5,3.4,8,6.3,10,39,1,3.3
U19822,40,Female,Freelancer,Android,5.2,4.3,4,5.1,1,10,1,9.4
U19823,41,Male,Student,Android,1.5,5.0,3,7.0,5,56,1,13.1
U19824,36,Female,Business Owner,Android,2.8,3.9,2,5.7,5,49,5,13.0
U19825,20,Other,Business Owner,Android,9.9,5.5,3,4.4,5,53,5,3.3
U19826,29,Other,Professional,iOS,9.3,3.4,10,4.2,5,19,1,13.0
U19827,43,Female,Student,Android,8.0,7.8,2,4.2,6,38,0,4.6
U19828,32,Other,Freelancer,iOS,2.8,6.9,8,6.3,4,50,6,5.2
U19829,41,Other,Professional,Android,5.2,2.4,6,4.9,9,23,5,4.6
U19830,39,Other,Freelancer,iOS,10.8,7.1,6,6.7,9,22,1,13.3
U19831,52,Male,Student,Android,3.3,6.7,10,5.4,5,37,6,8.7
U19832,29,Other,Professional,iOS,9.9,1.3,5,7.7,3,12,6,8.3
U19833,36,Other,Freelancer,iOS,6.6,4.5,6,8.5,9,53,2,5.4
U19834,30,Other,Freelancer,Android,11.7,5.2,2,8.5,3,59,6,10.5
U19835,19,Other,Business Owner,Android,9.8,7.3,3,6.8,6,8,5,11.7
U19836,60,Male,Student,iOS,8.3,5.5,2,5.3,4,39,6,4.0
U19837,23,Other,Student,iOS,2.7,5.3,5,6.6,2,25,1,6.0
U19838,48,Female,Business Owner,iOS,8.6,0.7,10,4.1,10,16,1,7.2
U19839,42,Other,Business Owner,Android,2.9,4.8,3,4.1,2,6,0,6.5
U19840,37,Other,Freelancer,Android,9.3,1.5,1,5.9,5,23,0,13.3
U19841,44,Female,Professional,Android,3.5,3.9,6,6.3,10,60,1,3.4
U19842,35,Male,Freelancer,iOS,1.4,7.6,8,4.2,4,40,0,13.6
U19843,36,Other,Professional,iOS,10.6,0.9,7,5.8,4,52,6,6.1
U19844,50,Other,Professional,iOS,11.1,5.6,8,5.3,5,25,0,10.9
U19845,54,Other,Business Owner,iOS,3.1,2.0,6,8.5,5,38,2,11.2
U19846,51,Male,Freelancer,iOS,8.7,6.7,5,7.0,10,11,5,2.2
U19847,50,Female,Business Owner,Android,3.1,2.1,7,4.3,6,59,6,3.2
U19848,19,Female,Freelancer,Android,3.9,7.8,6,5.3,9,11,4,12.3
U19849,32,Male,Freelancer,Android,1.9,4.1,6,8.3,3,47,6,8.7
U19850,24,Male,Freelancer,Android,4.1,5.9,10,7.4,3,26,2,4.4
U19851,41,Other,Professional,iOS,7.0,6.6,1,8.8,6,50,5,8.0
U19852,33,Female,Student,iOS,6.3,1.3,10,7.9,8,59,2,10.8
U19853,53,Male,Freelancer,iOS,3.9,2.4,9,5.9,7,44,1,2.9
U19854,50,Male,Professional,Android,6.3,2.8,1,7.0,9,23,6,3.8
U19855,51,Male,Business Owner,Android,7.0,7.6,5,5.9,1,39,1,3.8
U19856,29,Male,Business Owner,Android,8.1,7.5,6,7.5,10,38,0,10.8
U19857,35,Male,Student,iOS,10.3,5.7,8,7.6,5,48,0,8.5
U19858,39,Other,Professional,iOS,10.9,7.7,5,6.5,9,57,0,4.0
U19859,26,Female,Student,Android,10.9,1.2,7,7.1,2,41,1,9.3
U19860,47,Male,Student,Android,8.8,5.6,8,5.6,3,38,3,6.4
U19861,57,Other,Freelancer,Android,5.2,4.9,3,4.8,1,50,6,9.6
U19862,21,Male,Business Owner,Android,11.4,3.9,7,4.2,3,57,0,13.0
U19863,39,Male,Professional,iOS,3.2,5.3,6,7.8,9,10,4,13.2
U19864,20,Male,Freelancer,iOS,1.6,7.4,2,8.0,6,27,6,12.0
U19865,36,Other,Business Owner,Android,4.8,2.0,5,5.6,8,27,3,6.5
U19866,58,Male,Freelancer,iOS,2.3,8.0,3,7.7,9,56,5,2.3
U19867,21,Male,Professional,iOS,8.2,4.3,5,6.1,6,35,5,7.5
U19868,36,Male,Professional,Android,4.7,2.1,3,5.4,8,60,6,6.0
U19869,33,Male,Professional,iOS,5.6,1.5,4,6.3,2,39,6,6.6
U19870,31,Female,Freelancer,iOS,10.3,2.3,5,7.4,4,53,0,3.1
U19871,31,Male,Business Owner,iOS,11.8,5.6,10,5.8,9,21,4,6.9
U19872,31,Male,Freelancer,iOS,8.1,3.6,8,6.9,6,18,3,6.4
U19873,40,Other,Freelancer,Android,5.0,5.9,7,6.4,3,8,2,13.4
U19874,30,Male,Freelancer,iOS,5.0,7.4,9,4.5,8,58,5,2.4
U19875,51,Male,Freelancer,Android,10.0,1.1,1,4.4,8,53,2,10.6
U19876,34,Other,Freelancer,Android,8.5,2.6,3,4.9,2,29,5,6.7
U19877,55,Other,Student,Android,8.8,5.3,1,4.3,7,20,1,9.4
U19878,38,Male,Freelancer,Android,7.4,5.5,1,4.1,1,58,3,8.0
U19879,25,Other,Student,iOS,6.7,5.9,10,8.1,8,18,5,3.4
U19880,43,Other,Freelancer,Android,1.3,7.9,1,4.5,2,29,6,5.5
U19881,32,Female,Business Owner,Android,7.7,1.0,2,5.6,7,21,0,12.6
U19882,27,Female,Student,iOS,2.6,0.8,3,8.3,3,5,1,9.6
U19883,24,Male,Freelancer,iOS,2.1,7.2,2,7.4,4,38,6,7.2
U19884,23,Other,Student,Android,6.6,3.4,3,4.7,10,53,1,4.7
U19885,24,Other,Business Owner,iOS,10.6,3.0,4,4.5,9,37,1,4.5
U19886,56,Other,Student,iOS,5.8,0.5,7,4.5,6,40,3,3.2
U19887,47,Male,Business Owner,iOS,3.7,2.0,4,7.0,2,20,1,9.7
U19888,51,Female,Business Owner,iOS,1.7,3.8,7,8.2,8,53,3,12.6
U19889,47,Female,Professional,iOS,6.4,4.8,10,8.4,6,39,6,5.6
U19890,25,Female,Freelancer,Android,7.5,5.0,8,5.0,8,49,1,12.3
U19891,52,Male,Freelancer,Android,5.2,6.9,8,4.4,8,58,0,3.3
U19892,21,Female,Professional,iOS,5.5,1.7,1,6.0,9,26,0,12.8
U19893,56,Male,Professional,iOS,1.9,7.3,1,8.8,6,28,4,13.3
U19894,30,Male,Professional,Android,1.8,6.4,3,6.3,3,49,0,2.9
U19895,33,Male,Student,Android,8.6,4.7,6,8.0,3,46,2,11.2
U19896,55,Female,Professional,iOS,3.4,1.1,4,4.1,6,49,1,8.3
U19897,23,Female,Student,Android,6.9,1.3,3,6.8,9,49,1,10.7
U19898,58,Other,Freelancer,iOS,10.6,2.4,2,7.0,6,21,4,8.7
U19899,30,Male,Student,Android,3.8,2.8,4,7.6,10,60,1,3.8
U19900,49,Female,Freelancer,iOS,9.1,4.7,6,4.8,9,38,6,4.1
U19901,31,Female,Business Owner,Android,2.5,6.2,6,5.1,5,42,2,13.2
U19902,26,Female,Freelancer,Android,8.7,2.6,2,6.8,8,16,4,13.2
U19903,43,Other,Student,Android,6.9,3.6,7,4.9,2,50,6,13.1
U19904,59,Other,Freelancer,iOS,2.1,1.1,9,7.0,4,11,4,12.9
U19905,38,Other,Student,iOS,8.2,3.4,9,5.2,5,28,2,9.2
U19906,32,Male,Freelancer,Android,11.8,0.7,4,6.4,9,52,6,7.9
U19907,20,Male,Professional,iOS,6.2,2.3,4,4.8,3,29,2,12.0
U19908,44,Female,Freelancer,Android,1.3,1.0,4,4.4,6,18,4,3.5
U19909,20,Male,Business Owner,Android,5.3,3.1,9,8.1,3,40,3,4.5
U19910,22,Other,Freelancer,Android,8.5,4.9,6,7.9,8,34,3,4.6
U19911,23,Male,Business Owner,iOS,5.9,1.2,10,8.7,1,11,1,4.5
U19912,57,Female,Business Owner,Android,6.4,2.6,1,7.3,6,38,5,9.8
U19913,50,Female,Business Owner,iOS,9.7,4.3,8,8.0,1,38,1,10.3
U19914,49,Female,Professional,Android,7.1,7.2,5,6.2,9,34,3,13.5
U19915,38,Male,Business Owner,iOS,4.7,5.7,9,8.9,6,48,3,11.8
U19916,42,Other,Business Owner,Android,11.0,6.4,8,8.7,3,9,5,4.8
U19917,24,Female,Professional,Android,3.8,0.6,6,6.4,9,47,2,12.3
U19918,47,Other,Freelancer,iOS,8.7,7.8,6,7.9,5,49,5,6.5
U19919,50,Other,Freelancer,iOS,8.0,1.2,8,5.8,3,41,2,8.8
U19920,44,Other,Professional,Android,5.4,3.6,7,4.9,6,30,4,8.2
U19921,53,Other,Student,iOS,7.1,7.2,7,8.5,3,19,2,12.5
U19922,51,Other,Freelancer,Android,8.5,5.3,7,7.9,3,11,1,2.2
U19923,18,Female,Student,Android,4.5,5.8,9,7.7,9,23,4,12.2
U19924,18,Female,Student,Android,9.7,2.2,6,8.2,7,31,1,12.2
U19925,29,Other,Business Owner,Android,9.6,3.2,2,5.9,4,33,1,2.8
U19926,31,Female,Student,Android,4.3,6.8,4,4.9,10,21,2,10.5
U19927,19,Male,Freelancer,iOS,4.0,5.5,4,6.2,3,22,3,2.4
U19928,19,Male,Business Owner,Android,8.9,2.2,10,7.2,7,56,1,7.3
U19929,55,Female,Professional,Android,3.6,1.4,4,7.3,7,28,5,9.4
U19930,24,Male,Business Owner,Android,8.8,2.8,2,8.4,4,36,3,6.0
U19931,39,Male,Student,iOS,6.7,6.4,6,6.0,1,59,4,2.7
U19932,44,Female,Professional,Android,10.8,4.6,4,8.8,2,18,0,3.0
U19933,25,Male,Professional,Android,5.7,6.8,4,6.5,2,37,6,8.5
U19934,53,Male,Freelancer,iOS,8.0,7.5,9,4.6,5,27,1,5.9
U19935,26,Female,Freelancer,Android,10.8,5.0,9,7.4,2,31,1,12.6
U19936,56,Male,Professional,Android,6.9,2.4,1,4.3,10,28,3,9.3
U19937,51,Male,Freelancer,Android,5.2,0.8,7,6.8,10,10,1,5.7
U19938,18,Other,Professional,Android,10.7,1.0,1,5.2,9,6,0,6.6
U19939,33,Female,Professional,Android,11.1,6.1,10,7.7,1,6,5,4.3
U19940,42,Female,Business Owner,Android,6.8,7.8,7,6.7,5,41,5,7.9
U19941,39,Male,Professional,Android,8.6,8.0,3,7.8,4,51,6,3.2
U19942,48,Female,Professional,iOS,8.0,1.1,9,8.9,8,59,3,7.0
U19943,58,Male,Business Owner,Android,3.8,1.0,8,8.5,9,42,1,9.5
U19944,49,Male,Business Owner,iOS,1.8,3.0,5,5.2,10,33,1,13.0
U19945,34,Other,Business Owner,Android,4.2,1.4,5,5.6,2,31,3,9.6
U19946,36,Female,Freelancer,Android,6.8,1.6,1,7.0,6,21,6,8.4
U19947,56,Male,Student,iOS,9.4,6.6,5,6.9,1,38,1,6.2
U19948,25,Other,Business Owner,iOS,2.1,7.4,10,5.8,7,28,2,8.2
U19949,44,Other,Professional,iOS,4.9,6.6,8,5.5,9,31,0,13.9
U19950,18,Other,Business Owner,Android,10.7,3.1,1,7.8,1,17,5,9.0
U19951,57,Female,Professional,Android,2.3,7.8,5,4.7,5,53,6,3.4
U19952,31,Male,Professional,Android,11.3,2.9,5,6.3,5,41,4,10.3
U19953,43,Female,Freelancer,Android,5.5,4.7,3,4.2,1,45,1,8.0
U19954,41,Male,Freelancer,Android,4.4,5.1,3,5.9,10,35,6,4.1
U19955,57,Other,Freelancer,iOS,8.9,2.7,6,6.8,3,14,6,3.6
U19956,40,Female,Student,Android,7.0,5.0,4,6.5,6,18,0,5.8
U19957,26,Other,Freelancer,Android,5.4,5.5,4,6.4,2,59,5,5.3
U19958,21,Female,Student,iOS,2.1,0.7,3,6.0,5,31,0,9.7
U19959,22,Other,Freelancer,Android,3.0,1.1,7,4.5,5,36,0,10.0
U19960,37,Other,Freelancer,iOS,5.6,7.2,2,5.7,1,31,1,5.9
U19961,56,Female,Business Owner,iOS,3.5,2.9,10,5.0,3,40,2,5.0
U19962,22,Female,Professional,iOS,8.9,0.9,6,5.4,3,33,3,5.1
U19963,25,Female,Professional,Android,4.2,2.0,6,4.7,5,36,3,8.5
U19964,51,Female,Student,iOS,10.0,0.9,4,8.6,8,32,5,14.0
U19965,58,Other,Professional,Android,6.3,0.5,5,7.7,10,9,4,13.7
U19966,54,Female,Business Owner,Android,4.8,5.8,7,7.4,3,10,6,10.5
U19967,36,Female,Business Owner,iOS,8.9,2.7,6,8.5,5,10,4,10.8
U19968,24,Female,Business Owner,Android,4.9,3.0,4,6.5,9,21,5,6.9
U19969,52,Female,Freelancer,iOS,9.6,1.6,2,8.3,8,18,6,11.5
U19970,36,Other,Professional,iOS,6.9,3.3,5,8.1,10,13,3,8.6
U19971,32,Other,Freelancer,Android,7.6,5.1,5,5.5,7,9,6,8.7
U19972,32,Other,Student,Android,2.9,4.2,2,4.8,3,40,5,4.8
U19973,43,Other,Freelancer,iOS,6.1,6.7,1,8.5,7,42,1,10.6
U19974,51,Female,Business Owner,Android,6.2,6.7,8,4.1,4,18,0,4.3
U19975,48,Female,Business Owner,Android,9.3,2.8,2,7.0,7,56,4,10.3
U19976,39,Other,Student,iOS,9.0,0.7,8,5.2,8,52,5,2.5
U19977,19,Male,Business Owner,iOS,11.3,1.5,1,6.9,6,42,6,4.2
U19978,55,Female,Student,iOS,3.8,3.3,1,7.0,5,52,3,2.4
U19979,26,Male,Student,iOS,6.1,4.6,5,4.4,8,7,1,4.4
U19980,44,Other,Business Owner,Android,5.2,6.6,8,5.8,2,9,4,4.9
U19981,30,Other,Freelancer,iOS,8.5,2.2,3,6.5,5,36,1,13.2
U19982,28,Female,Freelancer,Android,7.5,6.8,3,7.7,1,26,0,12.9
U19983,28,Male,Professional,iOS,8.2,7.0,4,4.0,2,33,3,5.4
U19984,31,Male,Business Owner,Android,1.8,2.1,9,7.2,10,43,4,9.1
U19985,56,Male,Professional,iOS,6.6,4.0,7,7.5,4,10,0,9.3
U19986,56,Male,Freelancer,Android,10.8,7.8,4,7.5,4,24,2,3.3
U19987,50,Other,Professional,iOS,11.7,5.6,4,7.5,6,29,0,5.6
U19988,27,Male,Student,iOS,9.0,5.3,10,4.8,3,18,6,4.9
U19989,22,Male,Student,Android,1.3,1.0,10,7.2,6,47,6,13.3
U19990,33,Female,Professional,Android,9.8,4.2,6,6.4,9,10,0,13.2
U19991,46,Female,Professional,iOS,2.1,2.6,2,7.7,3,60,1,9.6
U19992,35,Male,Freelancer,Android,2.8,3.8,1,7.7,6,7,4,4.0
U19993,39,Female,Professional,Android,3.4,3.3,2,4.3,2,47,3,9.0
U19994,39,Other,Business Owner,Android,7.9,0.7,9,5.1,8,51,2,8.4
U19995,44,Female,Freelancer,iOS,1.8,6.8,10,4.1,5,31,6,12.7
U19996,22,Female,Business Owner,Android,9.6,3.2,2,5.5,2,43,4,12.2
U19997,23,Other,Freelancer,Android,1.8,6.3,5,6.5,8,16,5,12.1
U19998,34,Male,Freelancer,Android,4.5,4.3,6,6.9,10,17,2,12.4
U19999,20,Male,Freelancer,Android,4.5,5.6,1,4.6,5,31,5,12.1
U20000,36,Female,Freelancer,iOS,5.8,5.8,1,8.7,6,31,3,3.0
